CREATE DATABASE  IF NOT EXISTS `papr` /*!40100 DEFAULT CHARACTER SET utf8mb4 COLLATE utf8mb4_0900_ai_ci */ /*!80016 DEFAULT ENCRYPTION='N' */;
USE `papr`;
-- MySQL dump 10.13  Distrib 8.0.40, for Win64 (x86_64)
--
-- Host: localhost    Database: papr
-- ------------------------------------------------------
-- Server version	8.4.3

/*!40101 SET @OLD_CHARACTER_SET_CLIENT=@@CHARACTER_SET_CLIENT */;
/*!40101 SET @OLD_CHARACTER_SET_RESULTS=@@CHARACTER_SET_RESULTS */;
/*!40101 SET @OLD_COLLATION_CONNECTION=@@COLLATION_CONNECTION */;
/*!50503 SET NAMES utf8 */;
/*!40103 SET @OLD_TIME_ZONE=@@TIME_ZONE */;
/*!40103 SET TIME_ZONE='+00:00' */;
/*!40014 SET @OLD_UNIQUE_CHECKS=@@UNIQUE_CHECKS, UNIQUE_CHECKS=0 */;
/*!40014 SET @OLD_FOREIGN_KEY_CHECKS=@@FOREIGN_KEY_CHECKS, FOREIGN_KEY_CHECKS=0 */;
/*!40101 SET @OLD_SQL_MODE=@@SQL_MODE, SQL_MODE='NO_AUTO_VALUE_ON_ZERO' */;
/*!40111 SET @OLD_SQL_NOTES=@@SQL_NOTES, SQL_NOTES=0 */;

--
-- Table structure for table `authors`
--

DROP TABLE IF EXISTS `authors`;
/*!40101 SET @saved_cs_client     = @@character_set_client */;
/*!50503 SET character_set_client = utf8mb4 */;
CREATE TABLE `authors` (
  `id` bigint NOT NULL AUTO_INCREMENT,
  `author_name` varchar(255) NOT NULL,
  `author_bio` varchar(255) DEFAULT NULL,
  `author_img` varchar(255) DEFAULT NULL,
  `created_at` timestamp NULL DEFAULT CURRENT_TIMESTAMP,
  `slug` varchar(255) DEFAULT NULL,
  PRIMARY KEY (`id`),
  UNIQUE KEY `author_name` (`author_name`),
  UNIQUE KEY `slug` (`slug`)
) ENGINE=InnoDB AUTO_INCREMENT=22 DEFAULT CHARSET=utf8mb4 COLLATE=utf8mb4_0900_ai_ci;
/*!40101 SET character_set_client = @saved_cs_client */;

--
-- Dumping data for table `authors`
--

LOCK TABLES `authors` WRITE;
/*!40000 ALTER TABLE `authors` DISABLE KEYS */;
INSERT INTO `authors` VALUES (1,'Phan Anh','Phóng viên thường trú tại Singapore',NULL,'2025-03-02 14:59:02','ahmad-nazeri'),(2,'Le Ngoc','Du lịch khắp nơi và tìm kiếm nội dung...',NULL,'2025-03-02 14:59:02','le-ngoc'),(3,'Ashley Graham',NULL,NULL,'2025-03-02 14:59:02','ashley-graham'),(4,'David Brown',NULL,NULL,'2025-03-02 14:59:02','david-brown'),(5,'Nayah Tantoh',NULL,NULL,'2025-03-02 14:59:02','nayah-tantoh'),(6,'Sergio Pliego',NULL,NULL,'2025-03-02 14:59:02','sergio-pliego'),(7,'Hoang','OK','/images/author/hoang.png','2025-03-02 15:57:47','hoang'),(8,'Hoang Nguyen',NULL,NULL,'2025-03-03 08:10:41','hoang-nguyen'),(9,'Hoàng Minh Đức',NULL,NULL,'2025-03-03 08:10:41','hoang-minh-duc'),(10,'Trần Việt Phương',NULL,NULL,'2025-03-03 08:10:41','tran-viet-phuong'),(11,'Duong Ngo',NULL,NULL,'2025-03-03 08:10:41','duong-ngo'),(12,'Hà Tuấn Ngọc','Từ Thông Tấn Xã Việt Nam',NULL,'2025-03-03 08:10:41','ha-tuan-ngoc'),(13,'Pietro Nguyen',NULL,'/images/author/pietro-nguyen.jpg','2025-03-03 08:10:41','pietro-nguyen'),(21,'Tuấn Hữu','Nhà báo chuyên về công nghệ và đổi mới sáng tạo',NULL,'2025-03-03 11:05:45',NULL);
/*!40000 ALTER TABLE `authors` ENABLE KEYS */;
UNLOCK TABLES;

--
-- Table structure for table `categories`
--

DROP TABLE IF EXISTS `categories`;
/*!40101 SET @saved_cs_client     = @@character_set_client */;
/*!50503 SET character_set_client = utf8mb4 */;
CREATE TABLE `categories` (
  `id` bigint NOT NULL AUTO_INCREMENT,
  `cate` varchar(255) NOT NULL,
  `cate_img` varchar(255) DEFAULT NULL,
  `slug` varchar(255) DEFAULT NULL,
  `created_at` timestamp NULL DEFAULT CURRENT_TIMESTAMP,
  PRIMARY KEY (`id`),
  UNIQUE KEY `cate` (`cate`),
  UNIQUE KEY `slug` (`slug`)
) ENGINE=InnoDB AUTO_INCREMENT=7 DEFAULT CHARSET=utf8mb4 COLLATE=utf8mb4_0900_ai_ci;
/*!40101 SET character_set_client = @saved_cs_client */;

--
-- Dumping data for table `categories`
--

LOCK TABLES `categories` WRITE;
/*!40000 ALTER TABLE `categories` DISABLE KEYS */;
INSERT INTO `categories` VALUES (1,'Công nghệ','papr-fe/public/images/category/tech.jpg','cong-nghe','2025-03-03 08:34:01'),(2,'Thời trang','public/images/category/fashion.jpg','thoi-trang','2025-03-03 08:34:01'),(3,'Ẩm thực','/public/images/gaoking.jpg','am-thuc','2025-03-03 08:34:01'),(4,'Du lịch','/images/category/travel.jpg','du-lich','2025-03-03 08:34:01'),(5,'Thể thao','/images/category/sports.jpg','the-thao','2025-03-03 08:38:25'),(6,'Giải trí','/images/category/sports.jpg','giai-tri','2025-03-10 17:11:02');
/*!40000 ALTER TABLE `categories` ENABLE KEYS */;
UNLOCK TABLES;

--
-- Table structure for table `news_sub`
--

DROP TABLE IF EXISTS `news_sub`;
/*!40101 SET @saved_cs_client     = @@character_set_client */;
/*!50503 SET character_set_client = utf8mb4 */;
CREATE TABLE `news_sub` (
  `id` bigint NOT NULL AUTO_INCREMENT,
  `email` varchar(255) NOT NULL,
  `created_at` timestamp NULL DEFAULT CURRENT_TIMESTAMP,
  PRIMARY KEY (`id`)
) ENGINE=InnoDB AUTO_INCREMENT=5 DEFAULT CHARSET=utf8mb4 COLLATE=utf8mb4_0900_ai_ci;
/*!40101 SET character_set_client = @saved_cs_client */;

--
-- Dumping data for table `news_sub`
--

LOCK TABLES `news_sub` WRITE;
/*!40000 ALTER TABLE `news_sub` DISABLE KEYS */;
INSERT INTO `news_sub` VALUES (1,'\"\"','2025-03-12 08:26:37'),(2,'{\"email\":\"\"}','2025-03-12 08:28:15'),(3,'thuyensn2003@gmail.com','2025-03-12 08:34:03'),(4,'thuyenNTR@gmail.com','2025-03-12 08:35:47');
/*!40000 ALTER TABLE `news_sub` ENABLE KEYS */;
UNLOCK TABLES;

--
-- Table structure for table `post_rating`
--

DROP TABLE IF EXISTS `post_rating`;
/*!40101 SET @saved_cs_client     = @@character_set_client */;
/*!50503 SET character_set_client = utf8mb4 */;
CREATE TABLE `post_rating` (
  `post_id` bigint NOT NULL,
  `rating` varchar(20) NOT NULL,
  PRIMARY KEY (`post_id`,`rating`),
  CONSTRAINT `post_rating_ibfk_1` FOREIGN KEY (`post_id`) REFERENCES `posts` (`id`)
) ENGINE=InnoDB DEFAULT CHARSET=utf8mb4 COLLATE=utf8mb4_0900_ai_ci;
/*!40101 SET character_set_client = @saved_cs_client */;

--
-- Dumping data for table `post_rating`
--

LOCK TABLES `post_rating` WRITE;
/*!40000 ALTER TABLE `post_rating` DISABLE KEYS */;
INSERT INTO `post_rating` VALUES (47,'top'),(55,'trending'),(58,'trending'),(59,'top'),(64,'trending'),(65,'trending');
/*!40000 ALTER TABLE `post_rating` ENABLE KEYS */;
UNLOCK TABLES;

--
-- Table structure for table `posts`
--

DROP TABLE IF EXISTS `posts`;
/*!40101 SET @saved_cs_client     = @@character_set_client */;
/*!50503 SET character_set_client = utf8mb4 */;
CREATE TABLE `posts` (
  `id` bigint NOT NULL AUTO_INCREMENT,
  `author_name` varchar(255) NOT NULL,
  `cate` varchar(255) DEFAULT NULL,
  `cate_bg` varchar(255) DEFAULT NULL,
  `cate_img` varchar(255) DEFAULT NULL,
  `date` varchar(255) DEFAULT NULL,
  `excerpt` varchar(255) DEFAULT NULL,
  `feature_img` varchar(255) DEFAULT NULL,
  `post_format` varchar(255) DEFAULT NULL,
  `post_share` varchar(255) DEFAULT NULL,
  `post_views` varchar(255) DEFAULT NULL,
  `slug` varchar(255) NOT NULL,
  `story` bit(1) DEFAULT NULL,
  `title` varchar(255) NOT NULL,
  `trending` tinyint(1) DEFAULT '0',
  `content` longtext,
  `created_at` timestamp NULL DEFAULT CURRENT_TIMESTAMP,
  `updated_at` timestamp NULL DEFAULT CURRENT_TIMESTAMP ON UPDATE CURRENT_TIMESTAMP,
  `author_id` bigint DEFAULT NULL,
  `category_id` bigint DEFAULT NULL,
  `rating` varchar(255) DEFAULT NULL,
  PRIMARY KEY (`id`),
  UNIQUE KEY `slug` (`slug`),
  KEY `fk_posts_author` (`author_id`),
  KEY `fk_posts_category` (`category_id`),
  CONSTRAINT `fk_posts_author` FOREIGN KEY (`author_id`) REFERENCES `authors` (`id`),
  CONSTRAINT `fk_posts_category` FOREIGN KEY (`category_id`) REFERENCES `categories` (`id`)
) ENGINE=InnoDB AUTO_INCREMENT=68 DEFAULT CHARSET=utf8mb4 COLLATE=utf8mb4_0900_ai_ci;
/*!40101 SET character_set_client = @saved_cs_client */;

--
-- Dumping data for table `posts`
--

LOCK TABLES `posts` WRITE;
/*!40000 ALTER TABLE `posts` DISABLE KEYS */;
INSERT INTO `posts` VALUES (47,'Hoang','Công Nghệ','bg-color-blue-one','/images/category/technology.png','2022-06-25','VR đang mở ra những khả năng mới trong việc mô phỏng môi trường thực tế, giúp con người trải nghiệm không gian ảo một cách chân thực.','/images/posts/renamed.jpg','standard','230 Chia sẻ','2K Lượt xem','vr-la-su-dung-cong-nghe-may-tinh-de-tao-ra-moi-truong-mo-phong',NULL,'VR Là Việc Sử Dụng Công Nghệ Máy Tính Để Tạo Ra Môi Trường Mô Phỏng',NULL,'Thực tế ảo (VR) là một công nghệ tiên tiến cho phép con người tương tác với môi trường mô phỏng bằng cách sử dụng máy tính để tạo ra trải nghiệm nhập vai. Công nghệ này đang thay đổi cách chúng ta học tập, làm việc và giải trí.\n\n![Single Post Images](/images/post-single/post-single-img-1.jpg)\n*Ứng dụng VR trong y tế*\n\nVR đã và đang được sử dụng trong nhiều lĩnh vực khác nhau, từ giáo dục, y tế đến giải trí. Trong y tế, VR giúp bác sĩ thực hành phẫu thuật trên mô hình ảo trước khi thực hiện trên bệnh nhân thật. Điều này giúp nâng cao độ chính xác và giảm rủi ro.\n\n![Single Post Images](/images/clientbanner/clientbanner.jpg)\n\n> \"Thực tế ảo không chỉ là một công nghệ, mà còn là một cách để thay đổi cách chúng ta tiếp cận thế giới.\" - Mark Zuckerberg.\n\nTrong ngành giáo dục, VR mang đến phương pháp học tập mới, giúp học sinh và sinh viên có cơ hội trải nghiệm thực tế mà không cần rời khỏi lớp học. Ví dụ, một lớp học lịch sử có thể đưa học sinh đến các di tích cổ đại để quan sát chi tiết hơn.\n\n### Các ứng dụng nổi bật của VR\n\n- **Giáo dục**: Hỗ trợ giảng dạy trực quan hơn bằng cách mô phỏng các môi trường thực tế.\n- **Y tế**: Hỗ trợ chẩn đoán, điều trị và đào tạo phẫu thuật.\n- **Giải trí**: Cải thiện trải nghiệm chơi game, điện ảnh và các hoạt động thể thao điện tử.\n- **Bất động sản**: Cung cấp mô phỏng 3D cho khách hàng xem trước các bất động sản mà không cần đến tận nơi.\n- **Quân sự**: Dùng để huấn luyện chiến thuật mà không cần triển khai thực địa.\n- **Kỹ thuật**: Hỗ trợ mô phỏng thiết kế sản phẩm trước khi sản xuất.\n\nVR đang dần trở thành một phần quan trọng trong đời sống hiện đại. Với sự phát triển không ngừng của công nghệ, tương lai của thực tế ảo sẽ ngày càng mở rộng, giúp con người có những trải nghiệm sống động và thực tế hơn.','2025-02-24 15:00:19','2025-03-12 07:56:35',7,1,'top'),(48,'Hà Tuấn Ngọc','Du Lịch','bg-color-purple-one','/images/category/travel.png','2025-03-02','Khám phá vẻ đẹp hùng vĩ của đỉnh Fansipan, nóc nhà Đông Dương.','/images/posts/post_7.jpg','standard','150 Chia sẻ','3400 Lượt xem','kham-pha-dinh-fansipan-noc-nha-dong-duong',NULL,'Khám Phá Đỉnh Fansipan - Nóc Nhà Đông Dương',1,'Đỉnh Fansipan, được mệnh danh là \"Nóc nhà Đông Dương\", là một điểm đến không thể bỏ qua cho những ai yêu thích du lịch khám phá. Nằm ở độ cao 3.143m so với mực nước biển, Fansipan thuộc dãy núi Hoàng Liên Sơn, tỉnh Lào Cai, Việt Nam, mang đến khung cảnh thiên nhiên hùng vĩ và không khí trong lành.\n\n![Single Post Images](/images/post-single/post-single-img-1.jpg)\n*Toàn cảnh đỉnh Fansipan phủ sương mờ*\n\nĐể lên đến đỉnh, du khách có thể chọn đi cáp treo hiện đại hoặc trekking qua những con đường mòn đầy thử thách. Cáp treo không chỉ tiết kiệm thời gian mà còn mang lại trải nghiệm ngắm nhìn toàn cảnh núi rừng từ trên cao. Trong khi đó, trekking là lựa chọn cho những ai muốn thử thách bản thân và hòa mình vào thiên nhiên.\n\n![Single Post Images](/images/clientbanner/clientbanner.jpg)\n\n> \"Fansipan không chỉ là một ngọn núi, mà là nơi bạn tìm thấy sự tĩnh lặng và sức mạnh từ thiên nhiên.\" - Hoang Anh.\n\nKhi lên đến đỉnh, bạn sẽ được chiêm ngưỡng biển mây bồng bềnh, những ngôi chùa linh thiêng và cảm nhận phong cách sống độc đáo của người dân tộc thiểu số như H’Mong, Dao. Đây cũng là nơi lý tưởng để chụp ảnh và tận hưởng không khí mát lạnh quanh năm.\n\n### Những trải nghiệm đáng nhớ tại Fansipan\n\n- **Ngắm biển mây**: Hiện tượng tự nhiên tuyệt đẹp vào sáng sớm.\n- **Tham quan chùa linh thiêng**: Cầu bình an tại chùa Fansipan.\n- **Khám phá văn hóa bản địa**: Trải nghiệm cuộc sống của người H’Mong.\n- **Leo núi thử thách**: Hành trình trekking đầy thú vị.\n- **Ẩm thực địa phương**: Thưởng thức thắng cố, bánh ngô nướng.\n- **Check-in đỉnh cao**: Bức ảnh kỷ niệm tại cột mốc 3.143m.\n\nFansipan không chỉ là điểm đến du lịch mà còn là hành trình để bạn khám phá chính mình. Nếu bạn đang tìm kiếm một chuyến đi vừa thư giãn vừa đầy cảm hứng, hãy lên kế hoạch đến Fansipan ngay hôm nay!','2025-03-02 16:14:29','2025-03-03 09:12:28',11,4,NULL),(49,'Lê Ngọc','Du Lịch','bg-color-blue-two','/images/category/sports.png','2022-06-15','Dịch vụ limousine tại New York mang đến sự tiện lợi và sang trọng, giúp bạn di chuyển dễ dàng trong thành phố nhộn nhịp này.','/images/posts/post_9.jpg','standard','210 Chia sẻ','1K Lượt xem','di-chuyen-de-dang-voi-dich-vu-limousine-o-new-york',NULL,'Di Chuyển Dễ Dàng Với Dịch Vụ Limousine Ở New York',1,'Di chuyển trong thành phố New York giờ đây trở nên dễ dàng và đẳng cấp hơn bao giờ hết nhờ dịch vụ limousine chuyên nghiệp. Đây là lựa chọn hoàn hảo cho những ai muốn trải nghiệm sự thoải mái và tiện nghi giữa nhịp sống hối hả.\n\n![Single Post Images](/images/post-single/post-single-img-1.jpg)\n*Limousine sang trọng chờ đón tại New York*\n\nDịch vụ limousine không chỉ đem lại sự tiện lợi mà còn mang đến cảm giác sang trọng. Với đội ngũ tài xế chuyên nghiệp và xe được trang bị hiện đại, bạn có thể di chuyển từ sân bay đến trung tâm thành phố hoặc tham quan các địa điểm nổi tiếng như Times Square, Central Park mà không phải lo lắng về giao thông.\n\n![Single Post Images](/images/clientbanner/clientbanner.jpg)\n\n> \"Dịch vụ limousine không chỉ là phương tiện di chuyển, mà còn là cách để bạn tận hưởng hành trình một cách trọn vẹn.\" - Xu Jianhong.\n\n### Lợi ích của việc sử dụng dịch vụ limousine tại New York\n\n- **Tiện nghi**: Nội thất sang trọng, ghế da thoải mái, wifi miễn phí và không gian riêng tư.\n- **An toàn**: Tài xế được đào tạo chuyên nghiệp, thông thạo đường phố New York.\n- **Linh hoạt**: Đặt xe dễ dàng theo lịch trình cá nhân, phù hợp cho cả công việc và du lịch.\n- **Tiết kiệm thời gian**: Tránh được tình trạng kẹt xe và không cần tìm chỗ đỗ xe.\n- **Trải nghiệm cao cấp**: Lý tưởng cho các sự kiện đặc biệt như tiệc cưới, hội nghị hay tham quan thành phố.\n- **Hỗ trợ 24/7**: Dịch vụ chăm sóc khách hàng luôn sẵn sàng đáp ứng mọi nhu cầu.\n\nDịch vụ limousine tại New York là sự kết hợp hoàn hảo giữa phong cách và hiệu quả. Dù bạn là khách du lịch hay doanh nhân, đây là cách tuyệt vời để khám phá thành phố mà không phải bận tâm đến những rắc rối của giao thông đô thị. Hãy trải nghiệm và cảm nhận sự khác biệt ngay hôm nay!','2025-02-24 15:04:06','2025-03-10 14:38:49',2,4,NULL),(50,'Sergio Pliego','Thể thao','bg-color-blue-three','/images/category/racing.png','2022-06-15','Eliud Kipchoge một lần nữa khẳng định vị thế huyền thoại với thời gian chạy marathon nhanh thứ hai trong lịch sử, chỉ sau kỷ lục thế giới của chính anh.','/images/posts/post_8.jpg','standard','210 Chia sẻ','1K Lượt xem','kipchoge-chung-minh-minh-vo-dich-voi-thoi-gian-chay-marathon-nhanh-thu-2-lich-su',NULL,'Kipchoge Chứng Minh Mình Vô Địch Với Thời Gian Chạy Marathon Nhanh Thứ 2 Lịch Sử',1,'Eliud Kipchoge, vận động viên marathon vĩ đại nhất mọi thời đại, tiếp tục ghi dấu ấn trong lịch sử thể thao với thành tích chạy marathon nhanh thứ hai từ trước đến nay. Thành tích này không chỉ là minh chứng cho tài năng mà còn là sự bền bỉ và ý chí phi thường của anh.\n\n![Single Post Images](/images/post-single/post-single-img-1.jpg)\n*Kipchoge trên đường chạy marathon đầy ấn tượng*\n\nTrong cuộc đua marathon gần đây, Kipchoge đã hoàn thành quãng đường 42,195 km với thời gian đáng kinh ngạc, chỉ đứng sau kỷ lục thế giới do chính anh thiết lập trước đó. Sự kiên định và chiến lược hoàn hảo đã giúp anh duy trì tốc độ ổn định, bất chấp những thử thách từ thời tiết và địa hình.\n\n![Single Post Images](/images/clientbanner/clientbanner.jpg)\n\n> \"Không có giới hạn nào cho con người, chỉ có giới hạn bạn tự đặt ra cho mình.\" - Eliud Kipchoge.\n\nKipchoge không chỉ là một vận động viên xuất sắc mà còn là nguồn cảm hứng cho hàng triệu người trên thế giới. Anh đã phá vỡ mọi rào cản về sức bền con người, từ việc trở thành người đầu tiên chạy marathon dưới 2 giờ trong điều kiện thử nghiệm đến việc liên tục thống trị các giải đấu lớn.\n\n### Những yếu tố làm nên thành công của Kipchoge\n\n- **Kỷ luật**: Tuân thủ lịch trình tập luyện nghiêm ngặt hàng ngày.\n- **Chiến lược**: Phân bổ năng lượng hợp lý trong suốt cuộc đua.\n- **Tinh thần thép**: Giữ vững sự tập trung và động lực ngay cả trong những khoảnh khắc khó khăn nhất.\n- **Đội ngũ hỗ trợ**: Làm việc cùng các huấn luyện viên và chuyên gia dinh dưỡng hàng đầu.\n- **Công nghệ**: Sử dụng giày chạy tiên tiến để tối ưu hóa hiệu suất.\n- **Kinh nghiệm**: Hơn hai thập kỷ thi đấu ở các giải chạy đường dài.\n\nThành tích của Kipchoge không chỉ là niềm tự hào của riêng anh mà còn là minh chứng cho sức mạnh của ý chí và sự kiên trì. Anh đã chứng minh rằng, với sự nỗ lực không ngừng, mọi giới hạn đều có thể bị phá vỡ. Kipchoge thực sự là biểu tượng bất diệt của môn chạy marathon!','2025-02-24 15:05:26','2025-03-03 10:08:19',6,5,NULL),(51,'Amachea Jajah','Thể thao','bg-color-green-two','/images/category/swimming.png','2022-06-10','Tôi dành tâm huyết phát triển một loạt sản phẩm và tính năng để mang lại trải nghiệm tuyệt vời nhất cho người dùng.','/images/posts/post_6.jpg','standard','200 Chia sẻ','2K Lượt xem','toi-tap-trung-vao-mot-loat-cac-san-pham-va-tinh-nang',NULL,'Tôi Tập Trung Vào Một Loạt Các Sản Phẩm Và Tính Năng',1,'Tôi luôn đặt cả tâm huyết vào việc tạo ra những sản phẩm và tính năng mới, với mục tiêu mang lại giá trị thực sự cho người dùng. Đó không chỉ là công việc, mà còn là đam mê để cải thiện cuộc sống hàng ngày của mọi người.\n\n![Single Post Images](/images/post-single/post-single-img-1.jpg)\n*Sản phẩm được thiết kế tỉ mỉ cho người dùng*\n\nMỗi sản phẩm tôi phát triển đều được chăm chút từng chi tiết, từ ý tưởng ban đầu đến khi hoàn thiện. Tôi tin rằng một sản phẩm tốt không chỉ đẹp mắt mà còn phải tiện dụng và đáp ứng đúng nhu cầu của mọi người.\n\n![Single Post Images](/images/clientbanner/clientbanner.jpg)\n\n> \"Một sản phẩm thành công là khi nó giúp người dùng cảm thấy cuộc sống dễ dàng hơn.\" - Amachea Jajah.\n\nViệc tập trung vào các tính năng độc đáo giúp sản phẩm của tôi nổi bật giữa thị trường cạnh tranh. Chẳng hạn, tôi luôn chú ý đến việc cải tiến giao diện, tối ưu hiệu suất và thêm những công cụ hỗ trợ thiết thực.\n\n### Những điều tôi chú trọng khi phát triển sản phẩm\n\n- **Thiết kế thân thiện**: Giao diện đơn giản, dễ sử dụng cho mọi lứa tuổi.\n- **Hiệu suất cao**: Đảm bảo sản phẩm hoạt động mượt mà, không giật lag.\n- **Tính sáng tạo**: Đưa vào những tính năng mới lạ, chưa từng có trên thị trường.\n- **Phản hồi người dùng**: Lắng nghe ý kiến để cải tiến liên tục.\n- **Tính bền vững**: Sử dụng vật liệu và công nghệ thân thiện với môi trường.\n- **Hỗ trợ đa nền tảng**: Đảm bảo sản phẩm hoạt động tốt trên nhiều thiết bị khác nhau.\n\nTôi tin rằng, khi mình dồn sức vào từng sản phẩm và tính năng, kết quả không chỉ là một món hàng, mà còn là một giải pháp giúp cuộc sống của mọi người trở nên tốt đẹp hơn. Đó chính là động lực để tôi không ngừng sáng tạo và hoàn thiện mỗi ngày!','2025-02-24 15:08:02','2025-03-03 09:56:49',2,1,NULL),(52,'Ashley Graham','Công Nghệ','bg-color-blue-one','/images/category/technology.png','2022-06-10','Tesla đang nghiên cứu một phương pháp đấu dây mới, hứa hẹn tăng hiệu suất và giảm chi phí cho xe điện của họ.','/images/posts/post_23.jpg','audio','210 Chia sẻ','1K Lượt xem','tesla-dang-phat-trien-cach-moi-de-day-dien-cho-xe-cua-ho',NULL,'Tesla Đang Phát Triển Cách Mới Để Đấu Dây Cho Xe Của Họ',NULL,'Tesla, hãng xe điện hàng đầu thế giới, lại một lần nữa khiến mọi người trầm trồ khi công bố họ đang phát triển một cách đấu dây hoàn toàn mới cho xe của mình. Công nghệ này không chỉ giúp xe hoạt động tốt hơn mà còn có thể giảm giá thành sản xuất.\n\n![Single Post Images](/images/post-single/post-single-img-1.jpg)\n*Hệ thống dây điện tối ưu hóa trong xe Tesla*\n\nHệ thống đấu dây mới này được thiết kế để đơn giản hóa cách các bộ phận trong xe kết nối với nhau. Thay vì sử dụng hàng kilomet dây rợ lằng nhằng như trước đây, Tesla muốn tối ưu hóa mọi thứ để xe nhẹ hơn, bền hơn và tiết kiệm năng lượng hơn.\n\n![Single Post Images](/images/clientbanner/clientbanner.jpg)\n\n> \"Chúng tôi không chỉ làm ra xe, chúng tôi đang định hình lại cách xe được tạo ra.\" - Elon Musk.\n\nViệc cải tiến hệ thống đấu dây không chỉ là một bước tiến kỹ thuật, mà còn là minh chứng cho tinh thần sáng tạo không ngừng của Tesla. Họ luôn tìm cách làm mọi thứ tốt hơn, từ pin, động cơ cho đến từng chi tiết nhỏ nhất như dây điện.\n\n### Những điểm nổi bật của công nghệ đấu dây mới\n\n- **Hiệu quả cao**: Giảm số lượng dây, giúp xe nhẹ hơn và tiết kiệm điện.\n- **Dễ sản xuất**: Quy trình lắp ráp đơn giản hơn, tiết kiệm thời gian và chi phí.\n- **Độ bền tốt**: Hạn chế hỏng hóc do dây bị lỏng hoặc rối sau thời gian dài sử dụng.\n- **Tối ưu không gian**: Tạo thêm chỗ trống trong xe cho các linh kiện khác.\n- **Thân thiện môi trường**: Dùng ít vật liệu hơn, góp phần bảo vệ tài nguyên.\n- **Khả năng nâng cấp**: Dễ dàng tích hợp với các công nghệ mới trong tương lai.\n\nVới bước đi này, Tesla không chỉ củng cố vị thế dẫn đầu trong ngành xe điện mà còn mở ra hướng đi mới cho toàn bộ ngành công nghiệp ô tô. Công nghệ đấu dây mới hứa hẹn sẽ sớm được áp dụng trên các dòng xe như Tesla Model Y hay Cybertruck, khiến người dùng càng thêm háo hức!','2025-02-24 15:09:16','2025-03-03 08:39:19',3,1,NULL),(53,'Ahmad Nazeri','Ẩm Thực','bg-color-green-one','/images/category/lifestyle.png','2022-06-08','Một thương hiệu nước đóng hộp đã bắt tay với Rag & Bone để khơi dậy sự sáng tạo từ chính người tiêu dùng.','/images/posts/post_5.jpg','standard','200 Chia sẻ','2K Lượt xem','nuoc-dong-hop-hop-tac-voi-rag-bone-de-khai-thac-sang-tao-cua-nguoi-tieu-dung',NULL,'Nước Đóng Hộp Hợp Tác Với Rag & Bone Để Khai Thác Sáng Tạo Của Người Tiêu Dùng',1,'Một thương hiệu nước đóng hộp nổi tiếng vừa công bố hợp tác với Rag & Bone, hãng thời trang đình đám, để mang đến một trải nghiệm hoàn toàn mới cho người tiêu dùng. Không chỉ dừng lại ở việc uống nước, dự án này còn khuyến khích mọi người thể hiện cá tính và sự sáng tạo của mình.\n\n![Single Post Images](/images/post-single/post-single-img-1.jpg)\n*Thiết kế lon nước độc đáo từ sự hợp tác*\n\nSự kết hợp này không chỉ là một chiến dịch quảng bá thông thường. Người tiêu dùng được mời gọi tham gia thiết kế vỏ lon, biến mỗi chai nước thành một tác phẩm nghệ thuật độc nhất. Đây là cách Rag & Bone và thương hiệu nước muốn lan tỏa phong cách sống hiện đại, sáng tạo.\n\n![Single Post Images](/images/clientbanner/clientbanner.jpg)\n\n> \"Chúng tôi muốn mỗi lon nước không chỉ để uống, mà còn là cách bạn kể câu chuyện của chính mình.\" - Đại diện Rag & Bone.\n\nDự án này không chỉ thu hút những người trẻ yêu thích thời trang mà còn đánh dấu một bước tiến trong việc kết nối thương hiệu với khách hàng. Từ những thiết kế phá cách đến thông điệp cá nhân hóa, đây là cơ hội để mọi người để lại dấu ấn riêng.\n\n### Những điểm nổi bật của sự hợp tác\n\n- **Sáng tạo không giới hạn**: Người tiêu dùng tự tay thiết kế vỏ lon theo ý thích.\n- **Phong cách sống**: Kết hợp giữa thời trang và thói quen dùng nước hàng ngày.\n- **Thân thiện môi trường**: Lon nước làm từ nhôm tái chế, bảo vệ hành tinh.\n- **Tương tác cộng đồng**: Tạo sân chơi để mọi người chia sẻ ý tưởng và kết nối.\n- **Phiên bản giới hạn**: Các thiết kế đẹp nhất được sản xuất và bán ra thị trường.\n- **Cảm hứng nghệ thuật**: Khơi nguồn sáng tạo từ những điều giản dị nhất.\n\nSự hợp tác giữa nước đóng hộp và Rag & Bone không chỉ mang đến một sản phẩm mới mà còn là lời mời gọi mọi người sống đúng với phong cách của mình. Bạn đã sẵn sàng để biến lon nước thành tác phẩm của riêng mình chưa?','2025-02-24 15:10:36','2025-03-03 09:56:41',1,3,NULL),(54,'Xu Jianhong','Du lịch','bg-color-green-one','/images/category/lifestyle.png','2022-06-05','Một chuyến đi đến Iqaluit, thành phố Bắc Cực của Canada, nơi tôi khám phá vẻ đẹp hoang sơ và cuộc sống độc đáo giữa băng tuyết.','/images/posts/post_4.jpg','gallery','230 Chia sẻ','2K Lượt xem','chuyen-di-den-iqaluit-o-nunavut-mot-thanh-pho-bac-cuc-cua-canada',NULL,'Chuyến Đi Đến Iqaluit Ở Nunavut, Một Thành Phố Bắc Cực Của Canada',NULL,'Chuyến đi đến Iqaluit ở Nunavut, Canada là một trải nghiệm chẳng thể nào quên. Nơi đây không chỉ là một thành phố nhỏ nằm ở vùng Bắc Cực mà còn là nơi tôi được sống giữa thiên nhiên hoang dã, lạnh giá nhưng đầy mê hoặc.\n\n![Single Post Images](/images/post-single/post-single-img-1.jpg)\n*Phong cảnh băng tuyết tuyệt đẹp ở Iqaluit*\n\nNgay khi đặt chân đến Iqaluit, tôi đã bị ấn tượng bởi không khí trong lành và những con đường phủ đầy tuyết trắng. Thành phố này nhỏ thôi, nhưng lại rất đặc biệt với những ngôi nhà màu sắc nổi bật giữa nền tuyết. Người dân địa phương, chủ yếu là người Inuit, sống giản dị và thân thiện, sẵn sàng chia sẻ câu chuyện về cuộc sống giữa vùng cực lạnh.\n\n![Single Post Images](/images/clientbanner/clientbanner.jpg)\n\n> \"Iqaluit không chỉ là điểm đến, mà là nơi để bạn cảm nhận sự mạnh mẽ của thiên nhiên và con người.\" - Xu Jianhong.\n\nTôi đã thử đi xe trượt tuyết kéo bằng chó, ngắm ánh sáng Bắc Cực lung linh trên bầu trời đêm và thưởng thức món cá tuyết tươi ngon mà người dân đánh bắt ngay từ biển băng. Mọi thứ ở đây đều khác biệt, từ cái lạnh cắt da đến cách người ta thích nghi với nó.\n\n### Những điều thú vị ở Iqaluit\n\n- **Thiên nhiên hoang sơ**: Những tảng băng trôi và vùng đất trải dài bất tận.\n- **Văn hóa Inuit**: Tìm hiểu truyền thống săn bắt và nghệ thuật thủ công độc đáo.\n- **Ánh sáng Bắc Cực**: Một trong những nơi lý tưởng để chiêm ngưỡng hiện tượng kỳ thú này.\n- **Ẩm thực địa phương**: Thử món thịt tuần lộc và cá đông lạnh tươi ngon.\n- **Hoạt động ngoài trời**: Đi bộ trên băng, trượt tuyết hoặc câu cá dưới lớp băng dày.\n- **Cộng đồng ấm áp**: Người dân thân thiện, luôn chào đón khách lạ bằng nụ cười.\n\nChuyến đi đến Iqaluit không chỉ là một hành trình khám phá mà còn là dịp để tôi trân trọng hơn sự kỳ diệu của thiên nhiên và sức sống bền bỉ của con người. Nếu có cơ hội, bạn nhất định phải đến đây một lần để tự mình cảm nhận!','2025-02-24 15:12:23','2025-03-12 08:57:32',13,4,''),(55,'Hoang Nguyen','Du Lịch','bg-color-purple-one','/images/category/travel.png','2022-06-02','Một chuyến đi đến làng chài cũ kỹ ở Nha Trang mang lại cảm giác yên bình và những trải nghiệm gần gũi với đời sống người dân biển.','/images/posts/post_10.jpg','standard','210 Chia sẻ','1K Lượt xem','kham-pha-lang-chai-cu-ky-o-nha-trang',NULL,'Khám Phá Làng Chài Cũ Kỹ Ở Nha Trang',1,'Chuyến đi đến một làng chài cũ kỹ ở Nha Trang thực sự là một kỷ niệm đáng nhớ. Xa rời sự ồn ào của phố thị, nơi đây mang đến một không gian yên bình, đậm chất hồn quê Việt Nam bên bờ biển.\n\n![Single Post Images](/images/post-single/post-single-img-1.jpg)\n*Những chiếc thuyền gỗ neo đậu bên bờ biển*\n\nLàng chài này nằm nép mình bên vịnh Nha Trang, với những ngôi nhà đơn sơ, lưới cá phơi đầy trước sân và mùi mặn mà của biển cả. Tôi thích nhất là được dạo bước trên bãi cát, nghe tiếng sóng vỗ và trò chuyện với những người dân chài thân thiện, luôn sẵn lòng kể chuyện về biển.\n\n![Single Post Images](/images/clientbanner/clientbanner.jpg)\n\n> \"Nha Trang không chỉ có biển đẹp, mà còn có những góc nhỏ giản dị làm lòng người xao xuyến.\" - Ashley Graham.\n\nTôi còn được thử ngồi trên thuyền thúng, thưởng thức hải sản tươi rói vừa đánh bắt và ngắm hoàng hôn buông xuống, nhuộm vàng cả mặt biển. Cuộc sống ở đây chậm rãi, mộc mạc, khiến tôi như được sống lại những ngày tuổi thơ.\n\n### Những điều thú vị ở làng chài Nha Trang\n\n- **Hải sản tươi ngon**: Thưởng thức mực, tôm, cá nướng ngay tại chỗ.\n- **Thuyền thúng độc đáo**: Trải nghiệm lênh đênh trên loại thuyền tròn đặc trưng.\n- **Cuộc sống bình dị**: Quan sát cảnh người dân vá lưới, phơi cá mỗi sáng.\n- **Hoàng hôn tuyệt đẹp**: Một khung cảnh không thể bỏ lỡ khi mặt trời lặn.\n- **Chợ cá sớm**: Ghé thăm chợ để thấy nhịp sống nhộn nhịp của dân chài.\n- **Không khí trong lành**: Thoát khỏi khói bụi thành phố, hít thở gió biển mát rượi.\n\nKhám phá làng chài ở Nha Trang không chỉ là một chuyến đi mà còn là dịp để tôi tìm lại sự yên ả trong tâm hồn. Nếu có dịp đến Nha Trang, đừng quên ghé qua nơi này để cảm nhận một Việt Nam rất khác, rất thật!','2025-02-24 15:14:14','2025-03-12 08:57:32',8,4,'trending'),(58,'Hoang','Ẩm Thực','bg-color-red-two','/images/category/food.png','2022-06-21','Khoai tây chiên Parmesan với húng tây là một món ăn thơm ngon, kết hợp vị béo của phô mai và hương thảo dược đầy hấp dẫn.','/images/posts/post_7.jpg','standard','250 Chia sẻ','1K Lượt xem','khoai-tay-chien-parmesan-va-hung-tay-thom-ngon',NULL,'Khoai Tây Chiên Parmesan Và Húng Tây Thơm Ngon',1,'Khoai tây chiên Parmesan và húng tây là một sự kết hợp hoàn hảo giữa vị giòn rụm của khoai tây, hương thơm của húng tây và vị béo ngậy của phô mai Parmesan. Đây là một món ăn dễ làm nhưng cực kỳ hấp dẫn.\n\n![Single Post Images](/images/post-single/post-single-img-1.jpg)\n*Khoai tây chiên giòn với Parmesan*\n\nKhoai tây được thái thành sợi vừa ăn, chiên vàng giòn và rắc đều phô mai Parmesan bào nhuyễn lên trên. Húng tây tươi tạo thêm hương vị đặc trưng, giúp món ăn trở nên hấp dẫn hơn.\n\n![Single Post Images](/images/clientbanner/clientbanner.jpg)\n\n> \"Món ăn ngon nhất không chỉ nằm ở hương vị, mà còn ở cách chúng ta thưởng thức và chia sẻ với nhau.\" - Xu Jianhong.\n\n### Hướng dẫn làm khoai tây chiên Parmesan và húng tây\n\n- **Nguyên liệu**:\n  - 3 củ khoai tây lớn\n  - 50g phô mai Parmesan bào nhuyễn\n  - 1 thìa cà phê muối\n  - 1 thìa cà phê tiêu\n  - 2 thìa canh dầu ô liu\n  - 2 nhánh húng tây tươi\n\n- **Cách làm**:\n  1. Gọt vỏ khoai tây, thái thành thanh dài rồi ngâm nước lạnh khoảng 10 phút để loại bỏ tinh bột.\n  2. Làm nóng dầu trong chảo sâu lòng, chiên khoai tây đến khi vàng giòn.\n  3. Vớt khoai tây ra để ráo dầu, rắc đều muối, tiêu, phô mai Parmesan và húng tây lên trên.\n  4. Trộn đều và thưởng thức ngay khi còn nóng.\n\nKhoai tây chiên Parmesan và húng tây là một món ăn nhẹ lý tưởng, phù hợp cho những buổi gặp mặt cùng bạn bè hoặc gia đình. Hương vị thơm ngon và cách làm đơn giản giúp món ăn này trở thành lựa chọn tuyệt vời cho mọi dịp. Hãy thử làm ngay để cảm nhận sự hấp dẫn của nó!','2025-02-24 15:00:19','2025-03-12 08:57:32',7,3,'trending'),(59,'Tuấn Hữu','Công Nghệ','bg-color-blue-one','/images/category/technology.png','2025-03-02','Đánh giá iPhone 16e - lựa chọn giá trị cho người dùng thông minh.','/images/posts/iphone16e_review.jpg','standard','300 Chia sẻ','2K Lượt xem','duong-ngo-danh-gia-iphone-16e-lua-chon-gia-tri',NULL,'Đánh Giá iPhone 16e - Lựa Chọn Giá Trị Cho Người Dùng',1,'iPhone 16e, dòng điện thoại giá phải chăng mới nhất từ Apple, đã chính thức ra mắt vào cuối tháng 2/2025 với giá khởi điểm 599 USD (khoảng 15 triệu VND), thay thế cho dòng iPhone SE trước đây. Nhà báo Dương Ngô đã có cơ hội trải nghiệm thiết bị này và mang đến cái nhìn chi tiết về những ưu điểm cũng như hạn chế của nó.\n\n![Single Post Images](/images/post-single/post-single-img-1.jpg)\n*Hình ảnh iPhone 16e với thiết kế hiện đại*\n\nThiết bị sở hữu màn hình 6.1 inch Super Retina OLED, chip A18 mạnh mẽ (phiên bản 4 nhân GPU), và camera chính 48MP cho chất lượng ảnh ấn tượng. Pin được cải thiện đáng kể với dung lượng 3961 mAh, cho phép xem video lên đến 26 giờ – một con số vượt trội so với các mẫu iPhone cùng kích cỡ trước đây. Điểm nhấn là tính năng Face ID lần đầu xuất hiện trên dòng giá rẻ, cùng nút Action tùy chỉnh linh hoạt.\n\nTuy nhiên, iPhone 16e thiếu MagSafe, Dynamic Island, và camera ultra-wide, khiến một số người dùng cảm thấy tiếc nuối. Nhiều ý kiến từ cộng đồng cho rằng mức giá này vẫn cao so với kỳ vọng ban đầu, đặc biệt khi so sánh với iPhone 14 từng được bán ở mức tương tự với nhiều tính năng hơn.\n\n![Single Post Images](/images/clientbanner/clientbanner.jpg)\n\n> \"iPhone 16e là một bước đi thông minh của Apple để tiếp cận người dùng phổ thông, nhưng cần cân nhắc kỹ nếu bạn mong đợi trải nghiệm flagship đầy đủ.\" - Dương Ngô.\n\nDương Ngô nhận định rằng iPhone 16e phù hợp với những ai muốn sở hữu một chiếc iPhone hiện đại với Apple Intelligence mà không cần chi quá nhiều. Tuy nhiên, với những người cần camera đa dạng hoặc sạc không dây nhanh, đây có thể không phải lựa chọn tối ưu.\n\n### Đánh giá chi tiết iPhone 16e\n\n- **Ưu điểm**:\n  - Pin lâu, tối ưu hóa với modem C1 mới.\n  - Hiệu năng mạnh mẽ nhờ chip A18.\n  - Thiết kế premium với khung nhôm và kính Ceramic Shield.\n  - Tích hợp Apple Intelligence và các tính năng an toàn như phát hiện va chạm.\n- **Nhược điểm**:\n  - Thiếu MagSafe và camera ultra-wide.\n  - Màn hình sáng tối đa chỉ 800 nits, thấp hơn iPhone 16.\n  - Giá chưa thực sự \"rẻ\" so với kỳ vọng.\n\nVới mức giá 599 USD và các tính năng được cải tiến, iPhone 16e là một lựa chọn đáng cân nhắc, đặc biệt cho người dùng trung thành với hệ sinh thái Apple.','2025-03-03 11:05:57','2025-03-12 07:56:35',11,1,'top'),(64,'Trần Việt Phương','Thời Trang','bg-color-red-two','/images/category/fashion.png','2025-03-12','Trần Việt Phương khám phá xu hướng thời trang Xuân/Hè 2025 với cảm hứng từ đại dương, mang đến sự mới mẻ và thực tế.','/images/posts/aquatic_fashion_2025.jpg','standard','280 Chia sẻ','1.8K Lượt xem','tran-viet-phuong-xu-huong-thoi-trang-xuan-he-2025-cam-hung-dai-duong',NULL,'Trần Việt Phương: Xu Hướng Thời Trang Xuân/Hè 2025 - Cảm Hứng Đại Dương',1,'Xu hướng thời trang Xuân/Hè 2025 đang chứng kiến sự lên ngôi của phong cách lấy cảm hứng từ đại dương (aquatic-inspired fashion), mang đến sự kết hợp độc đáo giữa vẻ đẹp tự nhiên và tính ứng dụng cao. Nhà báo Trần Việt Phương đã theo dõi các sàn diễn lớn như Milan, Paris và New York, nơi các nhà mốt danh tiếng như Miu Miu, Loewe và Proenza Schouler giới thiệu những thiết kế đầy sáng tạo.\n\n![Single Post Images](/images/post-single/post-single-img-1.jpg)\n*Váy đuôi cá lấp lánh tại sàn diễn Miu Miu Xuân/Hè 2025*\n\nMột trong những điểm nhấn chính là sự xuất hiện của các trang phục với chi tiết óng ánh như vảy cá (sequins), váy đuôi cá (fishtail skirts), và quần jogger lưới (fishnet jogger pants) từ Alaïa. Ngoài ra, các nhà thiết kế còn kết hợp yếu tố thể thao với áo khoác nhẹ (lightweight jackets) làm từ da lộn (suede), tạo nên phong cách vừa thoải mái vừa sang trọng. Màu sắc chủ đạo bao gồm các tông pastel nhẹ nhàng như xanh lam nhạt, hồng phấn và vàng bơ, gợi lên cảm giác yên bình của đại dương.\n\n![Single Post Images](/images/clientbanner/clientbanner.jpg)\n\n> \"Thời trang Xuân/Hè 2025 không chỉ là sự tôn vinh vẻ đẹp của thiên nhiên mà còn khuyến khích chúng ta sống chậm lại và cảm nhận sự kỳ diệu của đại dương.\" - Trần Việt Phương.\n\nTrần Việt Phương nhận định rằng xu hướng này không chỉ dành cho những tín đồ thời trang táo bạo mà còn phù hợp với người tiêu dùng đại chúng, nhờ vào tính thực tế của các thiết kế. Ví dụ, áo khoác gió (windbreakers) từ Bottega Veneta và Miu Miu được cải tiến với lớp lót họa tiết kẻ ô (plaid), dễ dàng kết hợp với trang phục hàng ngày.\n\n### Những điểm nổi bật của xu hướng thời trang Xuân/Hè 2025\n\n- **Cảm hứng đại dương**: Váy đuôi cá, vải sequins và các chi tiết gợi nhớ đến thế giới dưới nước.\n- **Màu pastel nhẹ nhàng**: Xanh lam nhạt, hồng phấn và vàng bơ làm chủ đạo.\n- **Áo khoác nhẹ từ da lộn**: Phù hợp với phong cách boho-chic và thời tiết mùa xuân.\n- **Phong cách thể thao thanh lịch**: Áo khoác zip-up và áo gió được tái thiết kế.\n- **Tính ứng dụng cao**: Dễ dàng kết hợp vào tủ đồ hàng ngày.\n\nVới sự sáng tạo không ngừng, xu hướng thời trang Xuân/Hè 2025 hứa hẹn sẽ mang đến làn gió mới cho tủ đồ của bạn, kết nối chúng ta với thiên nhiên theo cách tinh tế và hiện đại nhất.','2025-03-12 07:19:31','2025-03-12 08:58:32',10,2,'trending'),(65,'Pietro Nguyen','Ẩm Thực','bg-color-red-two','/images/category/food.png','2025-03-12','Pietro Nguyen khám phá lý do ẩm thực Việt Nam, đặc biệt là cà phê, trở thành xu hướng tại Mỹ năm 2025.','/images/posts/vietnamese_food_trend_2025.jpg','standard','320 Chia sẻ','2.5K Lượt xem','pietro-nguyen-am-thuc-viet-nam-noi-bat-tai-my-2025',NULL,'Pietro Nguyen: Ẩm Thực Việt Nam Nổi Bật Tại Mỹ Năm 2025 Với Cà Phê Độc Đáo',1,'Ẩm thực Việt Nam đang trở thành một trong những xu hướng nổi bật tại các nhà hàng ở Mỹ trong năm 2025, và cà phê Việt Nam chính là điểm sáng dẫn đầu. Nhà báo Pietro Nguyen đã tìm hiểu lý do vì sao các món ăn và thức uống Việt Nam, từ phở, bánh mì đến cà phê trứng, lại thu hút thực khách quốc tế đến vậy.\n\n![Single Post Images](/images/post-single/post-single-img-1.jpg)\n*Cà phê trứng Việt Nam tại một quán ở Mỹ*\n\nTheo dự đoán từ Hiệp hội Nhà hàng Quốc gia Mỹ (National Restaurant Association), ẩm thực Đông Nam Á, đặc biệt là Việt Nam, Hàn Quốc và Philippines, sẽ dẫn đầu xu hướng ẩm thực tại Mỹ trong năm 2025. Thực khách Mỹ ngày càng tò mò và sẵn sàng khám phá các hương vị mới, được thúc đẩy bởi các chương trình truyền hình về văn hóa Đông Nam Á. Ẩm thực Việt Nam được yêu thích nhờ sự cân bằng hoàn hảo giữa hương vị đậm đà và yếu tố tốt cho sức khỏe, với các món ăn sử dụng nhiều rau củ, thảo mộc và ít dầu mỡ.\n\nĐiểm nhấn đặc biệt là sự nổi tiếng của cà phê Việt Nam. Các loại cà phê như cà phê sữa đá, cà phê đen, cà phê trứng và cà phê sữa chua đã được TasteAtlas vinh danh trong danh sách 63 thức uống cà phê ngon nhất thế giới. Cà phê trứng, với lớp kem trứng béo ngậy trên bề mặt, không chỉ là một thức uống mà còn là một trải nghiệm văn hóa, khiến thực khách Mỹ mê mẩn. Nhiều quán cà phê tại các thành phố lớn như New York và Los Angeles đã bổ sung món này vào thực đơn, thu hút đông đảo khách hàng.\n\n![Single Post Images](/images/clientbanner/clientbanner.jpg)\n\n> \"Ẩm thực Việt Nam không chỉ mang đến hương vị, mà còn kể câu chuyện về văn hóa và sự sáng tạo của con người Việt.\" - Pietro Nguyen.\n\nPietro Nguyen nhận định rằng sự phát triển của ẩm thực Việt Nam tại Mỹ không chỉ là một xu hướng nhất thời, mà là minh chứng cho sức hút toàn cầu của văn hóa Việt. Các món ăn như phở và bánh mì đã trở thành biểu tượng, trong khi cà phê Việt Nam đang định hình lại cách thế giới thưởng thức cà phê.\n\n### Vì sao ẩm thực Việt Nam nổi bật tại Mỹ?\n\n- **Hương vị cân bằng**: Kết hợp hài hòa giữa ngọt, mặn, chua, cay và đắng.\n- **Tốt cho sức khỏe**: Sử dụng nhiều rau xanh, thảo mộc và ít dầu mỡ.\n- **Cà phê độc đáo**: Cà phê trứng và cà phê sữa đá mang đến trải nghiệm mới lạ.\n- **Ảnh hưởng văn hóa**: Các chương trình truyền hình về Đông Nam Á khơi dậy sự tò mò.\n- **Tính cộng đồng**: Phong cách ăn uống chia sẻ của người Việt tạo cảm giác ấm áp.\n\nVới sự phát triển không ngừng, ẩm thực Việt Nam hứa hẹn sẽ tiếp tục chinh phục thực khách toàn cầu, và cà phê Việt Nam chính là cầu nối văn hóa mạnh mẽ nhất trong hành trình đó.','2025-03-12 07:33:56','2025-03-12 08:57:32',13,3,'trending');
/*!40000 ALTER TABLE `posts` ENABLE KEYS */;
UNLOCK TABLES;
/*!40103 SET TIME_ZONE=@OLD_TIME_ZONE */;

/*!40101 SET SQL_MODE=@OLD_SQL_MODE */;
/*!40014 SET FOREIGN_KEY_CHECKS=@OLD_FOREIGN_KEY_CHECKS */;
/*!40014 SET UNIQUE_CHECKS=@OLD_UNIQUE_CHECKS */;
/*!40101 SET CHARACTER_SET_CLIENT=@OLD_CHARACTER_SET_CLIENT */;
/*!40101 SET CHARACTER_SET_RESULTS=@OLD_CHARACTER_SET_RESULTS */;
/*!40101 SET COLLATION_CONNECTION=@OLD_COLLATION_CONNECTION */;
/*!40111 SET SQL_NOTES=@OLD_SQL_NOTES */;

-- Dump completed on 2025-03-12 16:14:24
